{
    "Neutral": {
        "Corr li"       :0.0,
        "Corr re"       :0.0,
        "DAO li"        :0.0,
        "DAO re"        :0.0,
        "Deprsup li"    :0.0,
        "Deprsup re"    :0.0,
        "lat Front li"  :0.0,
        "lat Front re"  :0.0,
        "Llsup li"      :0.0,
        "Llsup re"      :0.0,
        "Mass li"       :0.0,
        "Mass re"       :0.0,
        "med Front li"  :0.0,
        "med Front re"  :0.0,
        "Ment li"       :0.0,
        "Ment re"       :0.0,
        "OrbOc li"      :0.0,
        "OrbOc re"      :0.0,
        "OrbOr li"      :0.0,
        "OrbOr re"      :0.0,
        "Zyg li"        :0.0,
        "Zyg re"        :0.0
    },
    "Stirn runzeln": {
        "Corr li"       :6.20285160833942,
        "Corr re"       :5.74911076947938,
        "DAO li"        :1.23015277207509,
        "DAO re"        :1.04279201471054,
        "Deprsup li"    :5.27907996155048,
        "Deprsup re"    :7.4879352848903,
        "lat Front li"  :10.536372555319,
        "lat Front re"  :8.88956984380334,
        "Llsup li"      :1.65954390222131,
        "Llsup re"      :1.58802789357913,
        "Mass li"       :0.744323366174113,
        "Mass re"       :0.968934637085881,
        "med Front li"  :9.60851941556183,
        "med Front re"  :9.84587656629967,
        "Ment li"       :4.14585379891841,
        "Ment re"       :3.34612439136412,
        "OrbOc li"      :2.28067726130518,
        "OrbOc re"      :4.36298662467481,
        "OrbOr li"      :1.94651362918701,
        "OrbOr re"      :1.74024106296865,
        "Zyg li"        :0.957289668102653,
        "Zyg re"        :0.910705910702657
    },
    "Augen zu" : {
        "Corr li"       :0.0,
        "Corr re"       :0.0,
        "DAO li"        :0.0,
        "DAO re"        :0.0,
        "Deprsup li"    :0.0,
        "Deprsup re"    :0.0,
        "lat Front li"  :0.0,
        "lat Front re"  :0.0,
        "Llsup li"      :0.0,
        "Llsup re"      :0.0,
        "Mass li"       :0.0,
        "Mass re"       :0.0,
        "med Front li"  :0.0,
        "med Front re"  :0.0,
        "Ment li"       :0.0,
        "Ment re"       :0.0,
        "OrbOc li"      :0.0,
        "OrbOc re"      :0.0,
        "OrbOr li"      :0.0,
        "OrbOr re"      :0.0,
        "Zyg li"        :0.0,
        "Zyg re"        :0.0
    },
    "Augen doll zu": {
        "Corr li"       :13.2543930476378,
        "Corr re"       :15.3187039794516,
        "DAO li"        :3.75725582091276,
        "DAO re"        :3.59367782696576,
        "Deprsup li"    :15.3482983345444,
        "Deprsup re"    :20.8489602467499,
        "lat Front li"  :8.37598361013656,
        "lat Front re"  :7.37102220538208,
        "Llsup li"      :4.23941837897326,
        "Llsup re"      :4.43343631282249,
        "Mass li"       :2.22353931570105,
        "Mass re"       :1.95793895329816,
        "med Front li"  :4.61556654019661,
        "med Front re"  :3.13232456395179,
        "Ment li"       :4.49288943350596,
        "Ment re"       :3.85342206159179,
        "OrbOc li"      :44.3032599809649,
        "OrbOc re"      :40.324930263626,
        "OrbOr li"      :2.9133967122522,
        "OrbOr re"      :2.81806495272862,
        "Zyg li"        :1.98082817422132,
        "Zyg re"        :1.95052439754116
    },
    "Nase r체mpfen": {
        "Corr li"       :12.4972593846638,
        "Corr re"       :15.0750088334095,
        "DAO li"        :3.63149794249245,
        "DAO re"        :3.4840184297079,
        "Deprsup li"    :23.1972685631196,
        "Deprsup re"    :29.3435420468729,
        "lat Front li"  :3.86038232430389,
        "lat Front re"  :3.73875334850951,
        "Llsup li"      :11.8696358899802,
        "Llsup re"      :13.6355989107438,
        "Mass li"       :1.55918427972736,
        "Mass re"       :1.33958061825805,
        "med Front li"  :5.24687735678643,
        "med Front re"  :4.47963777419047,
        "Ment li"       :8.0331778297175,
        "Ment re"       :7.28101031243073,
        "OrbOc li"      :6.96238637510812,
        "OrbOc re"      :9.47266101861016,
        "OrbOr li"      :4.1052505627331,
        "OrbOr re"      :4.33817307060666,
        "Zyg li"        :1.2688080980727,
        "Zyg re"        :1.42526287716414
    },
    "L채cheln 1": {
        "Corr li"       :1.31262476672668,
        "Corr re"       :1.26887416251386,
        "DAO li"        :6.50330167478199,
        "DAO re"        :5.32689039236004,
        "Deprsup li"    :1.74750689324548,
        "Deprsup re"    :4.69064802760611,
        "lat Front li"  :2.34683529424116,
        "lat Front re"  :1.9839047530799,
        "Llsup li"      :6.49713332100878,
        "Llsup re"      :6.69988800034162,
        "Mass li"       :2.79656262173613,
        "Mass re"       :2.37127354650465,
        "med Front li"  :1.12404554083202,
        "med Front re"  :1.08360932501033,
        "Ment li"       :8.43374321285243,
        "Ment re"       :6.86498756372606,
        "OrbOc li"      :6.93055010467122,
        "OrbOc re"      :9.58384446235637,
        "OrbOr li"      :6.68224547685182,
        "OrbOr re"      :6.5371491100812,
        "Zyg li"        :8.29568184658393,
        "Zyg re"        :9.50073044259987
    },
    "L채cheln 2": {
        "Corr li"       :1.29517820135961,
        "Corr re"       :1.43145715237115,
        "DAO li"        :9.39936920591385,
        "DAO re"        :8.08957560867774,
        "Deprsup li"    :1.94020596352676,
        "Deprsup re"    :4.91965365913329,
        "lat Front li"  :2.8874985257411,
        "lat Front re"  :2.20038547729143,
        "Llsup li"      :11.8652738634724,
        "Llsup re"      :12.012711726897,
        "Mass li"       :2.72066929865191,
        "Mass re"       :1.97175203144644,
        "med Front li"  :1.05606841769218,
        "med Front re"  :1.02830770591588,
        "Ment li"       :19.430640062088,
        "Ment re"       :16.439475649477,
        "OrbOc li"      :10.7503639111371,
        "OrbOc re"      :13.2007809955246,
        "OrbOr li"      :21.5033254784387,
        "OrbOr re"      :23.786692863677,
        "Zyg li"        :10.8706091196119,
        "Zyg re"        :12.9797181374161
    },
    "Mund spitzen": {
        "Corr li"       :1.5934355988774,
        "Corr re"       :1.68539586800339,
        "DAO li"        :17.0290535747187,
        "DAO re"        :13.78122209234,
        "Deprsup li"    :1.91283991049246,
        "Deprsup re"    :4.73617270996741,
        "lat Front li"  :1.27356939259501,
        "lat Front re"  :1.35170454299036,
        "Llsup li"      :10.9454272915377,
        "Llsup re"      :11.5668388838997,
        "Mass li"       :1.8304516151972,
        "Mass re"       :1.19668001528449,
        "med Front li"  :1.30136564178693,
        "med Front re"  :1.25139672930355,
        "Ment li"       :24.1039744753041,
        "Ment re"       :20.644262993169,
        "OrbOc li"      :1.69363188725838,
        "OrbOc re"      :4.72065707552142,
        "OrbOr li"      :41.6206404267662,
        "OrbOr re"      :44.7534108933453,
        "Zyg li"        :1.18106506844838,
        "Zyg re"        :1.28285302706088
    },
    "Wangen aufblasen" : {
        "Corr li"       :0.0,
        "Corr re"       :0.0,
        "DAO li"        :0.0,
        "DAO re"        :0.0,
        "Deprsup li"    :0.0,
        "Deprsup re"    :0.0,
        "lat Front li"  :0.0,
        "lat Front re"  :0.0,
        "Llsup li"      :0.0,
        "Llsup re"      :0.0,
        "Mass li"       :0.0,
        "Mass re"       :0.0,
        "med Front li"  :0.0,
        "med Front re"  :0.0,
        "Ment li"       :0.0,
        "Ment re"       :0.0,
        "OrbOc li"      :0.0,
        "OrbOc re"      :0.0,
        "OrbOr li"      :0.0,
        "OrbOr re"      :0.0,
        "Zyg li"        :0.0,
        "Zyg re"        :0.0
    },
    "Z채hne fletsch": {
        "Corr li"       :10.373075012273,
        "Corr re"       :10.5635604029481,