{
    "Neutral" : {
        "E9": 0.0,
        "E17": 0.0,
        "E15": 0.0,
        "E7": 0.0,
        "E5": 0.0,
        "E13": 0.0,
        "E3": 0.0,
        "E1": 0.0,
        "E20": 0.0,
        "E19": 0.0,
        "E10": 0.0,
        "E18": 0.0,
        "E16": 0.0,
        "E8": 0.0,
        "E6": 0.0,
        "E14": 0.0,
        "E4": 0.0,
        "E2": 0.0,
        "E24": 0.0
    },
    "Stirn runzeln": {
        "E9": 2.67496769931672,
        "E17": 1.94503927747504,
        "E15": 1.3676186696767,
        "E7": 2.48057509500207,
        "E5": 2.16254357423086,
        "E13": 3.75486276135833,
        "E3": 8.89874233445907,
        "E1": 11.4850967677555,
        "E20": 2.58579226216025,
        "E19": 4.75063387996521,
        "E10": 2.33993240821852,
        "E18": 2.52657564967942,
        "E16": 1.78080540682407,
        "E8": 3.00835322507282,
        "E6": 2.2318367299735,
        "E14": 4.31623999048875,
        "E4": 6.77979296331172,
        "E2": 10.1260957649539,
        "E24": 2.61955730372204
    },
    "Augen zu" : {
        "E9": 0.0,
        "E17": 0.0,
        "E15": 0.0,
        "E7": 0.0,
        "E5": 0.0,
        "E13": 0.0,
        "E3": 0.0,
        "E1": 0.0,
        "E20": 0.0,
        "E19": 0.0,
        "E10": 0.0,
        "E18": 0.0,
        "E16": 0.0,
        "E8": 0.0,
        "E6": 0.0,
        "E14": 0.0,
        "E4": 0.0,
        "E2": 0.0,
        "E24": 0.0
    },
    "Augen doll zu" : {
        "E9": 0.0,
        "E17": 0.0,
        "E15": 0.0,
        "E7": 0.0,
        "E5": 0.0,
        "E13": 0.0,
        "E3": 0.0,
        "E1": 0.0,
        "E20": 0.0,
        "E19": 0.0,
        "E10": 0.0,
        "E18": 0.0,
        "E16": 0.0,
        "E8": 0.0,
        "E6": 0.0,
        "E14": 0.0,
        "E4": 0.0,
        "E2": 0.0,
        "E24": 0.0
    },
    "Nase r체mpfen": {
        "E9": 4.68950874297372,
        "E17": 2.55814009288162,
        "E15": 2.71938997910576,
        "E7": 7.26346615413752,
        "E5": 5.79705113558453,
        "E13": 2.47659954820847,
        "E3": 5.87676561114414,
        "E1": 5.19277921287964,
        "E20": 6.20734014492772,
        "E19": 20.0006030050126,
        "E10": 4.23685239128096,
        "E18": 2.84677023237362,
        "E16": 3.6955147245639,
        "E8": 7.08387597876888,
        "E6": 5.60948274989724,
        "E14": 3.00080330785608,
        "E4": 6.29554192803394,
        "E2": 6.06937474348174,
        "E24":19.0397268883717
    },
    "L채cheln 1" : {
        "E9": 0.0,
        "E17": 0.0,
        "E15": 0.0,
        "E7": 0.0,
        "E5": 0.0,
        "E13": 0.0,
        "E3": 0.0,
        "E1": 0.0,
        "E20": 0.0,
        "E19": 0.0,
        "E10": 0.0,
        "E18": 0.0,
        "E16": 0.0,
        "E8": 0.0,
        "E6": 0.0,
        "E14": 0.0,
        "E4": 0.0,
        "E2": 0.0,
        "E24": 0.0
    },
    "L채cheln 2" : {
        "E9": 0.0,
        "E17": 0.0,
        "E15": 0.0,
        "E7": 0.0,
        "E5": 0.0,
        "E13": 0.0,
        "E3": 0.0,
        "E1": 0.0,
        "E20": 0.0,
        "E19": 0.0,
        "E10": 0.0,
        "E18": 0.0,
        "E16": 0.0,
        "E8": 0.0,
        "E6": 0.0,
        "E14": 0.0,
        "E4": 0.0,
        "E2": 0.0,
        "E24": 0.0
    },
    "Mund spitzen" : {
        "E9": 0.0,
        "E17": 0.0,
        "E15": 0.0,
        "E7": 0.0,
        "E5": 0.0,
        "E13": 0.0,
        "E3": 0.0,
        "E1": 0.0,
        "E20": 0.0,
        "E19": 0.0,
        "E10": 0.0,
        "E18": 0.0,
        "E16": 0.0,
        "E8": 0.0,
        "E6": 0.0,
        "E14": 0.0,
        "E4": 0.0,
        "E2": 0.0,
        "E24": 0.0
    },
    "Wangen aufblasen" : {
        "E9": 0.0,
        "E17": 0.0,
        "E15": 0.0,
        "E7": 0.0,
        "E5": 0.0,
        "E13": 0.0,
        "E3": 0.0,
        "E1": 0.0,
        "E20": 0.0,
        "E19": 0.0,
        "E10": 0.0,
        "E18": 0.0,
        "E16": 0.0,
        "E8": 0.0,
        "E6": 0.0,
        "E14": 0.0,
        "E4": 0.0,
        "E2": 0.0,
        "E24": 0.0
    },
    "Z채hne fletsch": {
        "E9": 60.6502744478257,
        "E17": 16.3064336395855,
        "E15": 17.2294520858142,
        "E7": 15.3042065870307,
        "E5": 15.4134389593239,
        "E13": 15.9997336926758,
        "E3": 11.5683676480475,
        "E1": 9.61658960663889,
        "E20": 14.4988174420412,
        "E19": 17.7657578364455,
        "E10": 63.0676191753443,
        "E18": 15.8156797243417,
        "E16": 16.708370723563,
        "E8": 13.7708311810117,
        "E6": 15.9056194130102,
        "E14": 20.9764954169588,
        "E4": 13.6120245693739,
        "E2": 9.53182276319425,
        "E24":17.9108222037293
    },
    "Mundwinkel runter": {
        "E9": 19.1839426026942,
        "E17": 4.18538417457899,
        "E15": 3.37266508461802,
        "E7": 4.71913308811463,
        "E5": 3.76289715856126,
        "E13": 2.33193309583731,
        "E3": 2.34538279166793,
        "E1": 2.06299129313919,
        "E20": 7.15462696997983,
        "E19": 2.72542392904809,
        "E10": 19.488961562985,
        "E18": 4.50308377677799,
        "E16": 3.25473937921655,
        "E8": 4.22819801282186,
        "E6": 3.63708785681446,
        "E14": 2.56868516002356,
        "E4": 2.24483904758381,
        "E2": 2.08342472008305,
        "E24":3.06706002142153
    }
}
